insert into categories values (1, 'Bakery', 'Bagels, Biscuits, Rolls, Bread, Buns, Muffins, Desserts, Tortillas');
insert into categories values (2, 'Beverages', 'Beer, Wine, Coffee, Cocoa, Tea, Soft Drinks, Water');
insert into categories values (3, 'Deli', 'Cheeses, Meats, Party Trays, Sides, Snacks');
insert into categories values (4, 'Grocery', 'Breakfast Foods, Canned Food, Ethnic Foods, Pasta, Rice, Soups');
insert into categories values (5, 'Meat & Poultry', 'Beef, Chicken, Frozen, Lamb, Pork, Turkey');
insert into categories values (6, 'Produce', 'Fruit, Vegetables');
insert into categories values (7, 'Seafood', 'Fish, Shellfish');

insert into products values (1, 1, 'Bagel', 3);
insert into products values (2, 1, 'Baguette', 2);
insert into products values (3, 1, 'French Bread', 3);
insert into products values (4, 1, 'Taco shell', 2);
insert into products values (5, 1, 'Tortilla', 4);
insert into products values (6, 2, 'Beer', 3);
insert into products values (7, 2, 'Champagne', 5);
insert into products values (8, 2, 'Wine', 6);
insert into products values (9, 2, 'Soda', 1);
insert into products values (10, 2, 'Root Beer', 1);
insert into products values (11, 3, 'Provolone', 3);
insert into products values (12, 3, 'Mozzarella', 4);
insert into products values (13, 3, 'Cheddar', 2);
insert into products values (14, 4, 'Cereal', 5);
insert into products values (15, 4, 'Lasagne', 2);
insert into products values (16, 4, 'Rice', 3);
insert into products values (17, 5, 'Ground Beef', 4);
insert into products values (18, 5, 'Ribeye', 5);
insert into products values (19, 5, 'Chicken', 3);
insert into products values (20, 5, 'Bacon', 3);
insert into products values (21, 5, 'Pork Chop', 5);
insert into products values (22, 6, 'Banana', 2);
insert into products values (23, 6, 'Grape', 2);
insert into products values (24, 6, 'Lemon', 1);
insert into products values (25, 6, 'Tomato', 1);
insert into products values (26, 6, 'Mushroom', 2);
insert into products values (27, 7, 'Catfish', 3);
insert into products values (28, 7, 'Salmon', 5);
insert into products values (29, 7, 'Crab', 10);
insert into products values (30, 7, 'Shrimp', 8);

insert into orders values (1, 'ewalker', 'swhite', '2004-08-10');
insert into orders values (2, 'scarter', 'swhite', '2004-12-22');
insert into orders values (3, 'ewalker', 'pfarmer', '2005-01-02');
insert into orders values (4, 'scarter', 'jstockton', '2005-01-10');
insert into orders values (5, 'jcarter', 'jstockton', '2005-02-10');
insert into orders values (6, 'ewalker', 'lwalker', '2005-02-17');
insert into orders values (7, 'tmorris', 'pfarmer', '2005-02-25');
insert into orders values (8, 'tmorris', 'swhite', '2005-03-11');
insert into orders values (9, 'kjensen', 'pfarmer', '2005-04-09');
insert into orders values (10, 'jcarter', 'jstockton', '2005-05-07');
insert into orders values (11, 'tmorris', 'swhite', '2005-05-15');
insert into orders values (12, 'ewalker', 'swhite', '2005-06-06');
insert into orders values (13, 'rmills', 'jstockton', '2005-06-27');
insert into orders values (14, 'mhunter', 'lwalker', '2005-07-14');
insert into orders values (15, 'rmills', 'swhite', '2005-07-14');
insert into orders values (16, 'jcarter', 'pfarmer', '2005-07-25');
insert into orders values (17, 'bhall', 'jstockton', '2005-08-06');
insert into orders values (18, 'tmorris', 'pfarmer', '2005-08-18');
insert into orders values (19, 'scarter', 'jstockton', '2005-09-07');
insert into orders values (20, 'emorris', 'lwalker', '2005-09-12');

insert into order_details values (1, 8, 6, 2);
insert into order_details values (1, 16, 3, 1);
insert into order_details values (2, 2, 2, 1);
insert into order_details values (2, 26, 1, 2);
insert into order_details values (3, 17, 4, 1);
insert into order_details values (4, 14, 5, 3);
insert into order_details values (4, 30, 5, 2);
insert into order_details values (5, 9, 1, 1);
insert into order_details values (6, 30, 5, 2);
insert into order_details values (6, 8, 6, 1);
insert into order_details values (6, 15, 2, 1);
insert into order_details values (7, 2, 2, 2);
insert into order_details values (8, 8, 6, 1);
insert into order_details values (9, 16, 3, 3);
insert into order_details values (10, 24, 1, 1);
insert into order_details values (11, 1, 6, 2);
insert into order_details values (11, 3, 3, 1);
insert into order_details values (12, 14, 2, 1);
insert into order_details values (12, 11, 1, 2);
insert into order_details values (13, 6, 4, 1);
insert into order_details values (14, 14, 5, 3);
insert into order_details values (14, 4, 5, 2);
insert into order_details values (15, 18, 1, 1);
insert into order_details values (16, 19, 5, 2);
insert into order_details values (16, 21, 6, 1);
insert into order_details values (16, 5, 2, 1);
insert into order_details values (17, 22, 2, 2);
insert into order_details values (18, 8, 6, 1);
insert into order_details values (19, 16, 3, 3);
insert into order_details values (20, 28, 1, 1);

insert into order_histories values (1, 8, '2004-08-10', 'PENDING');
insert into order_histories values (1, 16, '2004-08-10', 'PENDING');
insert into order_histories values (1, 8, '2004-08-11', 'PROCESSING');
insert into order_histories values (1, 16, '2004-08-11', 'PROCESSING');
insert into order_histories values (1, 8, '2004-08-12', 'SHIPPED');
insert into order_histories values (1, 16, '2004-08-12', 'SHIPPED');
insert into order_histories values (2, 2, '2004-12-22', 'PENDING');
insert into order_histories values (2, 26, '2004-12-22', 'PENDING');
insert into order_histories values (2, 2, '2004-12-23', 'CANCELLED');
insert into order_histories values (2, 26, '2004-12-23', 'CANCELLED');
insert into order_histories values (3, 17, '2005-01-02', 'PENDING');
insert into order_histories values (3, 17, '2005-01-03', 'PROCESSING');
insert into order_histories values (3, 17, '2005-01-04', 'SHIPPED');
insert into order_histories values (4, 14, '2005-01-10', 'PENDING');
insert into order_histories values (4, 30, '2005-01-10', 'PENDING');
insert into order_histories values (4, 14, '2005-01-11', 'PROCESSING');
insert into order_histories values (4, 30, '2005-01-11', 'PROCESSING');
insert into order_histories values (4, 14, '2005-01-12', 'SHIPPED');
insert into order_histories values (5, 9, '2005-02-10', 'PENDING');
insert into order_histories values (5, 9, '2005-02-11', 'PROCESSING');
insert into order_histories values (5, 9, '2005-02-12', 'SHIPPED');
insert into order_histories values (6, 30, '2005-02-17', 'PENDING');
insert into order_histories values (6, 8, '2005-02-17', 'PENDING');
insert into order_histories values (6, 15, '2005-02-17', 'PENDING');
insert into order_histories values (6, 30, '2005-02-18', 'PROCESSING');
insert into order_histories values (6, 8, '2005-02-18', 'PROCESSING');
insert into order_histories values (6, 15, '2005-02-18', 'PROCESSING');
insert into order_histories values (6, 30, '2005-02-19', 'SHIPPED');
insert into order_histories values (6, 8, '2005-02-19', 'SHIPPED');
insert into order_histories values (7, 2, '2005-02-25', 'PENDING');
insert into order_histories values (7, 2, '2005-02-26', 'CANCELLED');
insert into order_histories values (8, 8, '2005-03-11', 'PENDING');
insert into order_histories values (8, 8, '2005-03-12', 'PROCESSING');
insert into order_histories values (9, 16, '2005-04-09', 'PENDING');
insert into order_histories values (9, 16, '2005-04-10', 'PROCESSING');
insert into order_histories values (10, 24, '2005-05-07', 'PENDING');
insert into order_histories values (10, 24, '2005-05-08', 'PROCESSING');
insert into order_histories values (10, 24, '2005-05-09', 'CANCELLED');
insert into order_histories values (11, 1, '2005-05-15', 'PENDING');
insert into order_histories values (11, 3, '2005-05-15', 'PENDING');
insert into order_histories values (11, 1, '2005-05-16', 'PROCESSING');
insert into order_histories values (11, 3, '2005-05-16', 'PROCESSING');
insert into order_histories values (11, 1, '2005-05-17', 'SHIPPED');
insert into order_histories values (11, 3, '2005-05-17', 'SHIPPED');
insert into order_histories values (12, 14, '2005-06-06', 'PENDING');
insert into order_histories values (12, 11, '2005-06-06', 'PENDING');
insert into order_histories values (12, 14, '2005-06-07', 'PROCESSING');
insert into order_histories values (12, 11, '2005-06-07', 'PROCESSING');
insert into order_histories values (13, 6, '2005-06-27', 'PENDING');
insert into order_histories values (13, 6, '2005-06-28', 'CANCELLED');
insert into order_histories values (14, 14, '2005-07-14', 'PENDING');
insert into order_histories values (14, 4, '2005-07-14', 'PENDING');
insert into order_histories values (14, 14, '2005-07-15', 'PROCESSING');
insert into order_histories values (14, 4, '2005-07-15', 'PROCESSING');
insert into order_histories values (15, 18, '2005-07-14', 'PENDING');
insert into order_histories values (15, 18, '2005-07-15', 'PROCESSING');
insert into order_histories values (16, 19, '2005-07-25', 'PENDING');
insert into order_histories values (16, 21, '2005-07-25', 'PENDING');
insert into order_histories values (16, 5, '2005-07-25', 'PENDING');
insert into order_histories values (17, 22, '2005-08-06', 'PENDING');
insert into order_histories values (18, 8, '2005-08-18', 'PENDING');
insert into order_histories values (19, 16, '2005-09-07', 'PENDING');
insert into order_histories values (20, 28, '2005-09-12', 'PENDING');

insert into customers values ('tmorris', 'Ted', 'Morris', '47af3474c807aaea8b876c39e6ce8fb41e7ac637', 'tm0rr1s');
insert into customers values ('scarter', 'Sam', 'Carter', '73789cc546472c6c629aecf1a04c3648ac040eab', '5c4rt3r');
insert into customers values ('ewalker', 'Eric', 'Walker', '745aeca50e677d42ddfe39b5571957569369f1b4', '3w4lk3r');
insert into customers values ('rmills', 'Randy', 'Mills', '4940b343329fa425ce84de5fb36f66affde6d119', 'rm1ll5');
insert into customers values ('jcarter', 'Janet', 'Carter', '85dba07e21b1597a516ffe570901ee578d00a3a1', 'jc4rt3r');
insert into customers values ('kjensen', 'Karen', 'Jensen', 'c28d795d02b12866752b55518f473f753fc3ffff', 'kj3n53n');
insert into customers values ('mhunter', 'Martin', 'Hunter', '545196b256ceded969568c31d642ef96f9d5b893', 'mhunt3r');
insert into customers values ('tjensen', 'Ted', 'Jensen', '269cc231e17c496728557dd02c38ec7e016b96c9', 'tj3n53n');
insert into customers values ('emorris', 'Eric', 'Morris', 'ec3260802722cc08a2b665744120476e3de73fa1', '3m0rr15');
insert into customers values ('bhall', 'Benjamin', 'Hall', '399fa0b37c78c6d8fc43b304fb7989a2750611c0', 'bh4ll');

insert into customer_emails values ('tmorris@yahoo.com', 'tmorris');
insert into customer_emails values ('tmorris@hotmail.com', 'tmorris');
insert into customer_emails values ('ewalker@yahoo.com', 'ewalker');
insert into customer_emails values ('ewalker@hotmail.com', 'ewalker');
insert into customer_emails values ('ewalker@gmail.com', 'ewalker');
insert into customer_emails values ('kjensen@gmail.com', 'kjensen');
insert into customer_emails values ('tjensen@hotmail.com', 'tjensen');
insert into customer_emails values ('jcarter@yahoo.com', 'jcarter');

insert into employees values ('jstockton', 'Jim', 'Stockton', '29609449ad6a267aac664f9c1d9c267b54aade19', 'j5t0ckt0n');
insert into employees values ('swhite', 'Scott', 'White', '1c60f10728e0f6878d60f7345225a8c680844d19', 'swh1t3');
insert into employees values ('pfarmer', 'Pete', 'Farmer', 'e7beca51ea8907ea427f538c73638058401ff795', 'pf4rm3r');
insert into employees values ('lwalker', 'Lee', 'Walker', 'ed7369e175739f26aa2f421a67e3d8a66d753bdd', 'lw4lk3r');
insert into employees values ('alange', 'Andy', 'Lange', '47af3474c807aaea8b876c39e6ce8fb41e7ac637', '4l4ng3');
